[
  {
    "about": "Officia exercitation Lorem occaecat irure laborum excepteur ad non ex enim elit consequat non reprehenderit. Nisi excepteur dolor officia consequat occaecat consectetur ut ad quis et eu proident. Aliquip laborum eu do laborum. Est proident eu et aute adipisicing fugiat quis labore proident occaecat minim laboris. Cupidatat quis culpa labore occaecat mollit excepteur.",
    "address": "972 Sedgwick Place, Marshall, Palau, 5218",
    "phone": "+1 (841) 444-2771",
    "email": "holden.bender@ultrimax.name",
    "company": "ULTRIMAX",
    "name": {
      "last": "Bender",
      "first": "Holden"
    },
    "eyeColor": "brown",
    "age": 24,
    "picture": "http://placehold.it/32x32",
    "balance": "$3,406.75",
    "isActive": false,
    "guid": "c4f7cef1-cfe4-41ba-be9a-7e8507dbe616",
    "index": 0,
    "_id": "57106494260142240bc33528"
  },
  {
    "about": "Amet anim veniam veniam culpa amet proident eu adipisicing. Eu laborum esse ad pariatur voluptate proident labore sint enim. Laboris id excepteur tempor id dolore esse cupidatat culpa. Enim laborum id ad in ipsum in voluptate reprehenderit sit dolore ea. Quis est incididunt voluptate tempor commodo esse consequat tempor. Incididunt ex dolor et sint ut ut ipsum cillum ullamco.",
    "address": "862 Dunne Court, Chapin, Virgin Islands, 8867",
    "phone": "+1 (828) 495-2942",
    "email": "arline.delgado@prowaste.co.uk",
    "company": "PROWASTE",
    "name": {
      "last": "Delgado",
      "first": "Arline"
    },
    "eyeColor": "green",
    "age": 32,
    "picture": "http://placehold.it/32x32",
    "balance": "$3,882.85",
    "isActive": false,
    "guid": "3af5bbf8-e39c-4447-a77d-c6a2837faa9d",
    "index": 1,
    "_id": "57106494153f4d24e9a7dba7"
  },
  {
    "about": "Ea amet quis non ad pariatur cillum eu est ad veniam id dolor reprehenderit pariatur. Non sit irure nostrud consequat laboris officia adipisicing labore magna non sunt nostrud eiusmod. Sit ipsum labore aute ex est amet consequat minim occaecat fugiat elit. Laborum dolore ad aliquip enim ad consectetur consectetur est.",
    "address": "527 Furman Avenue, Sena, Maine, 7736",
    "phone": "+1 (906) 505-2395",
    "email": "jan.harrell@kinetica.ca",
    "company": "KINETICA",
    "name": {
      "last": "Harrell",
      "first": "Jan"
    },
    "eyeColor": "blue",
    "age": 33,
    "picture": "http://placehold.it/32x32",
    "balance": "$3,956.55",
    "isActive": true,
    "guid": "d07ee969-40b7-4c3d-aa55-89dafa5e64a7",
    "index": 2,
    "_id": "571064946ff1b809814e33a1"
  },
  {
    "about": "Exercitation anim cillum tempor fugiat laboris consectetur aute laborum esse mollit aliqua. Cillum quis mollit occaecat anim quis sint nulla. Laborum ea officia veniam ut laborum aute irure eu nostrud officia amet. Excepteur sint adipisicing nisi quis sit deserunt culpa sint magna sunt reprehenderit est. Proident do velit sint dolore deserunt. Ad adipisicing aliquip nostrud irure.",
    "address": "569 Dover Street, Cavalero, North Carolina, 8585",
    "phone": "+1 (970) 435-2921",
    "email": "mercado.hart@eclipto.io",
    "company": "ECLIPTO",
    "name": {
      "last": "Hart",
      "first": "Mercado"
    },
    "eyeColor": "green",
    "age": 22,
    "picture": "http://placehold.it/32x32",
    "balance": "$1,774.97",
    "isActive": true,
    "guid": "e605cc03-1c4e-4763-8b62-33c879b31764",
    "index": 3,
    "_id": "5710649464c9cdb6e6bf8902"
  },
  {
    "about": "Excepteur laborum ea irure magna. Reprehenderit laboris nisi exercitation deserunt cupidatat pariatur voluptate cupidatat culpa. Quis consectetur id exercitation ad sit fugiat culpa esse consectetur. Sit occaecat ea cillum reprehenderit dolor est cillum sint consectetur veniam laborum consequat elit. Do ullamco ullamco Lorem do amet ipsum anim dolor. Sint enim reprehenderit et est sint. Cupidatat sit adipisicing proident velit quis et deserunt ullamco laboris aute non sunt.",
    "address": "701 Love Lane, Chumuckla, Minnesota, 8402",
    "phone": "+1 (894) 505-2221",
    "email": "miles.thomas@orbin.me",
    "company": "ORBIN",
    "name": {
      "last": "Thomas",
      "first": "Miles"
    },
    "eyeColor": "brown",
    "age": 25,
    "picture": "http://placehold.it/32x32",
    "balance": "$1,949.18",
    "isActive": false,
    "guid": "ff97c897-6edf-493f-bf19-dc1d9dbcbab2",
    "index": 4,
    "_id": "571064941543e3390d277c42"
  },
  {
    "about": "Ea quis pariatur elit aute do consequat id sint consectetur id minim est pariatur ut. Id nostrud laboris do anim amet cillum laboris enim id aute sit. Velit veniam eiusmod eu nostrud incididunt. Eiusmod nisi dolore magna irure mollit. Velit commodo ullamco dolore aute ea sint cupidatat. Fugiat cupidatat voluptate officia Lorem.",
    "address": "606 Schenck Avenue, Kaka, Colorado, 5673",
    "phone": "+1 (812) 525-3417",
    "email": "rowe.sampson@bedlam.biz",
    "company": "BEDLAM",
    "name": {
      "last": "Sampson",
      "first": "Rowe"
    },
    "eyeColor": "blue",
    "age": 22,
    "picture": "http://placehold.it/32x32",
    "balance": "$2,069.46",
    "isActive": true,
    "guid": "06817023-37aa-4edc-9886-51b78f303252",
    "index": 5,
    "_id": "571064948bccdf6975681135"
  },
  {
    "about": "Esse in occaecat irure veniam reprehenderit adipisicing pariatur consectetur cillum ex est velit sunt tempor. Amet tempor pariatur minim excepteur ipsum ea voluptate aliqua. Proident aute fugiat officia nostrud nisi pariatur duis amet ullamco in ea velit voluptate. Commodo incididunt sit ullamco laboris id aute commodo ullamco sint nulla et exercitation fugiat occaecat.",
    "address": "125 Dinsmore Place, Lowgap, New Jersey, 5855",
    "phone": "+1 (968) 430-3086",
    "email": "tracie.vega@zytrac.org",
    "company": "ZYTRAC",
    "name": {
      "last": "Vega",
      "first": "Tracie"
    },
    "eyeColor": "green",
    "age": 35,
    "picture": "http://placehold.it/32x32",
    "balance": "$2,955.74",
    "isActive": true,
    "guid": "ffcc4a56-7cec-4c16-8d70-eab5187e5329",
    "index": 6,
    "_id": "5710649430b61fe920eab89f"
  },
  {
    "about": "Mollit nostrud nostrud id qui sunt proident aliqua anim. Cupidatat minim quis Lorem esse ex id dolor. Eu eiusmod nostrud exercitation consequat dolor non amet est. Tempor culpa reprehenderit deserunt anim do sunt consequat in laborum ex aliqua. Quis mollit sunt ex Lorem ullamco ad aliquip.",
    "address": "587 Troy Avenue, Muse, Puerto Rico, 9624",
    "phone": "+1 (867) 517-3852",
    "email": "leon.hall@puria.biz",
    "company": "PURIA",
    "name": {
      "last": "Hall",
      "first": "Leon"
    },
    "eyeColor": "brown",
    "age": 33,
    "picture": "http://placehold.it/32x32",
    "balance": "$2,432.07",
    "isActive": true,
    "guid": "5e64592d-a03f-4ddb-8c27-11f0c3498f89",
    "index": 7,
    "_id": "57106494ed60ab904b150c9f"
  },
  {
    "about": "Proident mollit qui quis anim ad eiusmod et elit excepteur. Laboris consectetur enim dolore Lorem amet nulla minim adipisicing deserunt labore. Ipsum exercitation consectetur cupidatat non occaecat labore dolor duis elit nisi sint. Irure ad reprehenderit commodo quis exercitation.",
    "address": "807 Quincy Street, Bartley, Montana, 847",
    "phone": "+1 (859) 579-2329",
    "email": "lora.mckee@codax.tv",
    "company": "CODAX",
    "name": {
      "last": "Mckee",
      "first": "Lora"
    },
    "eyeColor": "green",
    "age": 25,
    "picture": "http://placehold.it/32x32",
    "balance": "$3,094.51",
    "isActive": true,
    "guid": "72291156-c667-4975-aceb-83251d937511",
    "index": 8,
    "_id": "57106494cb5f9ffba27798dd"
  },
  {
    "about": "Consectetur ad amet do proident voluptate pariatur nostrud exercitation. Consequat ad non nulla nostrud ullamco. Reprehenderit cupidatat voluptate officia culpa adipisicing nostrud dolore minim commodo ad do.",
    "address": "186 Just Court, Tyhee, Vermont, 338",
    "phone": "+1 (897) 420-2265",
    "email": "teresa.rios@rocklogic.us",
    "company": "ROCKLOGIC",
    "name": {
      "last": "Rios",
      "first": "Teresa"
    },
    "eyeColor": "brown",
    "age": 28,
    "picture": "http://placehold.it/32x32",
    "balance": "$1,247.64",
    "isActive": false,
    "guid": "4f749fc6-6763-40b1-8f08-5a8b73a19fce",
    "index": 9,
    "_id": "57106494ee6bf2d163b35b89"
  },
  {
    "about": "Reprehenderit amet irure aute dolor officia. Commodo cillum id fugiat Lorem pariatur cillum cupidatat voluptate veniam non amet qui id ullamco. In nulla nulla consectetur exercitation duis. Nisi elit laborum reprehenderit commodo et eu ullamco tempor. Ea reprehenderit aliquip ad duis magna minim dolore reprehenderit reprehenderit cupidatat. Deserunt do consectetur ea veniam enim magna eu laborum aliquip anim.",
    "address": "158 Colin Place, Calverton, Federated States Of Micronesia, 1579",
    "phone": "+1 (948) 481-3119",
    "email": "barbara.hester@squish.info",
    "company": "SQUISH",
    "name": {
      "last": "Hester",
      "first": "Barbara"
    },
    "eyeColor": "green",
    "age": 29,
    "picture": "http://placehold.it/32x32",
    "balance": "$1,667.30",
    "isActive": false,
    "guid": "db548fd7-aedf-4e55-a9dc-636e0709b586",
    "index": 10,
    "_id": "57106494adbcf5e4678b38e8"
  },
  {
    "about": "Ipsum adipisicing reprehenderit incididunt voluptate qui. Eu consequat dolore exercitation enim. In fugiat pariatur qui adipisicing deserunt.",
    "address": "981 Vermont Street, Corinne, Ohio, 5272",
    "phone": "+1 (892) 511-3391",
    "email": "coffey.frost@digirang.com",
    "company": "DIGIRANG",
    "name": {
      "last": "Frost",
      "first": "Coffey"
    },
    "eyeColor": "brown",
    "age": 38,
    "picture": "http://placehold.it/32x32",
    "balance": "$2,290.81",
    "isActive": false,
    "guid": "5a5e7cb4-ae37-4e1a-a305-6f0541bc1088",
    "index": 11,
    "_id": "571064949d5a519eebd81127"
  },
  {
    "about": "Sit eu sunt eu ea dolor adipisicing minim pariatur et id ea nulla. Voluptate Lorem ea anim quis in ex nostrud officia aliquip. Irure qui sit in laborum ut sint labore. Occaecat eiusmod qui reprehenderit sunt id consequat non est incididunt elit reprehenderit elit occaecat nisi. Aute minim fugiat qui dolor. Consequat adipisicing dolor anim excepteur incididunt qui.",
    "address": "485 Lynch Street, Emory, New York, 3489",
    "phone": "+1 (829) 425-2086",
    "email": "rosanne.frank@apex.name",
    "company": "APEX",
    "name": {
      "last": "Frank",
      "first": "Rosanne"
    },
    "eyeColor": "blue",
    "age": 30,
    "picture": "http://placehold.it/32x32",
    "balance": "$1,248.23",
    "isActive": false,
    "guid": "c0b7c057-56d2-42f2-a617-abc2243eef24",
    "index": 12,
    "_id": "571064940acdc39ff490ce19"
  },
  {
    "about": "In dolore sint dolore fugiat mollit adipisicing exercitation voluptate laboris enim aute laborum esse ad. Minim ex mollit quis ex. Esse esse quis sunt reprehenderit nisi consequat minim.",
    "address": "822 Legion Street, Austinburg, Florida, 6544",
    "phone": "+1 (804) 570-3372",
    "email": "sanchez.strong@izzby.co.uk",
    "company": "IZZBY",
    "name": {
      "last": "Strong",
      "first": "Sanchez"
    },
    "eyeColor": "green",
    "age": 28,
    "picture": "http://placehold.it/32x32",
    "balance": "$2,073.10",
    "isActive": false,
    "guid": "31b74810-fb74-4f1f-9753-0c70b10b9113",
    "index": 13,
    "_id": "57106494f9082fd8abc0dcb2"
  },
  {
    "about": "Elit ea aliqua aliquip cillum commodo sint consequat magna tempor laborum aliqua aliquip aute non. Velit veniam enim nostrud exercitation culpa. Exercitation elit adipisicing qui irure commodo id qui incididunt sint consequat sit laborum. Mollit Lorem mollit aute esse dolor aute qui dolore occaecat eiusmod. Voluptate consequat sit sint exercitation officia do. Aute ea incididunt ullamco do ad id consectetur officia.",
    "address": "998 Aitken Place, Malo, Washington, 4966",
    "phone": "+1 (817) 401-2985",
    "email": "ramirez.mcleod@terrago.ca",
    "company": "TERRAGO",
    "name": {
      "last": "Mcleod",
      "first": "Ramirez"
    },
    "eyeColor": "blue",
    "age": 22,
    "picture": "http://placehold.it/32x32",
    "balance": "$3,660.91",
    "isActive": true,
    "guid": "56ee42c3-8c87-42a7-afbf-2fbd81e98a27",
    "index": 14,
    "_id": "57106494318293b1ae21663f"
  },
  {
    "about": "Qui ex ea velit ex sunt voluptate culpa proident est sit veniam Lorem. Exercitation magna irure tempor laboris. Mollit eiusmod occaecat amet anim ullamco sint do do deserunt esse enim. Cupidatat Lorem sit voluptate ut pariatur non laboris occaecat Lorem nostrud aute sit. Aute aliqua aliqua magna exercitation quis. Nostrud excepteur Lorem enim ex duis est cillum.",
    "address": "296 Veranda Place, Beason, Indiana, 5864",
    "phone": "+1 (942) 494-2723",
    "email": "christian.harrington@artworlds.io",
    "company": "ARTWORLDS",
    "name": {
      "last": "Harrington",
      "first": "Christian"
    },
    "eyeColor": "green",
    "age": 28,
    "picture": "http://placehold.it/32x32",
    "balance": "$2,631.36",
    "isActive": true,
    "guid": "41e50907-74ca-4446-a960-d4718732cfd7",
    "index": 15,
    "_id": "57106494d79546656cb82625"
  },
  {
    "about": "Mollit et aute pariatur sunt ad sit ex sint elit. Voluptate occaecat occaecat cillum commodo occaecat in ex adipisicing qui nulla adipisicing ullamco deserunt. Velit id reprehenderit excepteur tempor occaecat nulla qui nisi do eiusmod fugiat voluptate excepteur Lorem. Velit ullamco id deserunt sit esse culpa velit.",
    "address": "549 Post Court, Gilmore, Massachusetts, 2039",
    "phone": "+1 (805) 408-3344",
    "email": "desiree.mayer@noralex.me",
    "company": "NORALEX",
    "name": {
      "last": "Mayer",
      "first": "Desiree"
    },
    "eyeColor": "brown",
    "age": 20,
    "picture": "http://placehold.it/32x32",
    "balance": "$2,005.68",
    "isActive": true,
    "guid": "882f96c3-d2bd-496d-a3ce-d15abcffbe08",
    "index": 16,
    "_id": "57106494ce50a076d200941e"
  },
  {
    "about": "Eu nisi occaecat cupidatat ipsum aute est cupidatat irure minim pariatur occaecat sit. Nulla cupidatat pariatur mollit dolore pariatur ex adipisicing minim dolore sit consectetur. Esse enim tempor proident sint quis Lorem consequat dolore veniam adipisicing commodo laborum. Aliqua officia dolor cillum ex officia nisi eiusmod proident non commodo ad quis sint.",
    "address": "621 Delevan Street, Nadine, Iowa, 7656",
    "phone": "+1 (907) 424-3036",
    "email": "stacy.vinson@insectus.biz",
    "company": "INSECTUS",
    "name": {
      "last": "Vinson",
      "first": "Stacy"
    },
    "eyeColor": "brown",
    "age": 34,
    "picture": "http://placehold.it/32x32",
    "balance": "$1,313.02",
    "isActive": true,
    "guid": "e1239b2a-5eb9-40da-830c-300a273f0152",
    "index": 17,
    "_id": "571064949917f06cf017caab"
  },
  {
    "about": "Non fugiat id id aute veniam ipsum. Nostrud irure cupidatat reprehenderit quis nulla nisi anim magna sit ullamco pariatur consectetur. Aute laboris aliquip esse commodo. Amet consectetur dolor id laborum amet elit tempor. Occaecat ipsum voluptate aliquip magna irure dolor. Magna irure mollit est anim elit laborum.",
    "address": "742 Wolcott Street, Orason, Arkansas, 3395",
    "phone": "+1 (893) 421-2287",
    "email": "pearlie.conrad@deminimum.org",
    "company": "DEMINIMUM",
    "name": {
      "last": "Conrad",
      "first": "Pearlie"
    },
    "eyeColor": "green",
    "age": 27,
    "picture": "http://placehold.it/32x32",
    "balance": "$3,810.74",
    "isActive": false,
    "guid": "7e562075-8f86-4e6a-add1-be7417e3e97b",
    "index": 18,
    "_id": "57106494c724373414296349"
  },
  {
    "about": "Nisi sint eu nulla dolor ut ipsum voluptate cupidatat eu Lorem commodo minim cupidatat exercitation. Dolore minim consectetur sit duis eu aute elit laboris ipsum eu occaecat. Velit pariatur enim sunt dolor consequat reprehenderit amet laboris sint irure aliquip dolor voluptate.",
    "address": "189 Farragut Road, Summerset, Marshall Islands, 4723",
    "phone": "+1 (969) 511-3457",
    "email": "snider.dickson@buzzworks.biz",
    "company": "BUZZWORKS",
    "name": {
      "last": "Dickson",
      "first": "Snider"
    },
    "eyeColor": "brown",
    "age": 29,
    "picture": "http://placehold.it/32x32",
    "balance": "$2,619.69",
    "isActive": true,
    "guid": "3df8b904-9d28-47a6-84e8-d2135c5b6166",
    "index": 19,
    "_id": "571064940d82d2ce20818fba"
  },
  {
    "about": "Do commodo eu incididunt ex eiusmod nulla irure aliquip elit quis. Quis fugiat do fugiat ex adipisicing fugiat duis tempor elit. Veniam deserunt amet deserunt occaecat.",
    "address": "217 Randolph Street, Maybell, South Dakota, 4114",
    "phone": "+1 (941) 584-3695",
    "email": "gilmore.combs@geekmosis.tv",
    "company": "GEEKMOSIS",
    "name": {
      "last": "Combs",
      "first": "Gilmore"
    },
    "eyeColor": "blue",
    "age": 26,
    "picture": "http://placehold.it/32x32",
    "balance": "$3,478.75",
    "isActive": false,
    "guid": "7b997856-cb85-4e35-a08b-daa1d90f55b4",
    "index": 20,
    "_id": "57106494155d6430b01a985b"
  },
  {
    "about": "Consectetur occaecat Lorem id aute proident id est consectetur nulla. Duis pariatur enim et amet est laborum dolore eiusmod duis velit non. Esse laboris aliquip esse sunt nisi non non officia.",
    "address": "726 Bay Street, Ebro, Delaware, 3004",
    "phone": "+1 (831) 591-2937",
    "email": "melody.hansen@inquala.us",
    "company": "INQUALA",
    "name": {
      "last": "Hansen",
      "first": "Melody"
    },
    "eyeColor": "green",
    "age": 30,
    "picture": "http://placehold.it/32x32",
    "balance": "$1,251.19",
    "isActive": false,
    "guid": "8e78fd2d-d4a6-4e8b-9fa9-0bc8291363eb",
    "index": 21,
    "_id": "57106494ac19d05f14cb1a36"
  },
  {
    "about": "Ad nisi quis elit sit ut labore est eiusmod labore. Pariatur in do eu nostrud consectetur adipisicing exercitation occaecat nostrud pariatur eu. Aliquip quis dolor et ad duis dolor sint aliqua. Velit nulla reprehenderit Lorem ea elit esse culpa et sunt ut anim.",
    "address": "130 Berkeley Place, Caron, Texas, 9645",
    "phone": "+1 (824) 460-3706",
    "email": "margret.horn@pathways.info",
    "company": "PATHWAYS",
    "name": {
      "last": "Horn",
      "first": "Margret"
    },
    "eyeColor": "blue",
    "age": 32,
    "picture": "http://placehold.it/32x32",
    "balance": "$1,358.33",
    "isActive": false,
    "guid": "76a266c9-0cdd-417f-ae87-a9daef681987",
    "index": 22,
    "_id": "571064945899fbe37ce45b69"
  },
  {
    "about": "Ea ex deserunt id nostrud aliqua irure non sint adipisicing aute amet non. Cillum magna excepteur dolor nulla. Nulla ad eu voluptate non laborum anim aute velit aliquip incididunt dolore aliqua. Do excepteur eiusmod nisi labore irure sint deserunt culpa amet sunt aliqua labore id nisi. Laborum laboris aliqua proident elit. Amet duis dolor fugiat ut et nisi aliquip pariatur sit sint do eiusmod. Nisi voluptate ut commodo fugiat esse irure sunt nulla sit ipsum ea.",
    "address": "255 Holly Street, Turah, Mississippi, 6139",
    "phone": "+1 (899) 416-2631",
    "email": "bright.farley@zanity.com",
    "company": "ZANITY",
    "name": {
      "last": "Farley",
      "first": "Bright"
    },
    "eyeColor": "blue",
    "age": 20,
    "picture": "http://placehold.it/32x32",
    "balance": "$2,982.10",
    "isActive": false,
    "guid": "191aebdd-12e5-47d0-9fa0-c52acf0c67ec",
    "index": 23,
    "_id": "571064948968f7b098986ec6"
  },
  {
    "about": "Cupidatat aliqua aute esse commodo reprehenderit ea laborum veniam laborum incididunt pariatur laborum labore reprehenderit. Reprehenderit non est eiusmod consequat labore id Lorem ad fugiat quis proident laborum Lorem. Veniam deserunt qui cupidatat ex quis eu commodo velit fugiat aliquip duis mollit Lorem.",
    "address": "646 Varet Street, Vowinckel, Northern Mariana Islands, 1805",
    "phone": "+1 (904) 433-3734",
    "email": "julie.guthrie@idego.name",
    "company": "IDEGO",
    "name": {
      "last": "Guthrie",
      "first": "Julie"
    },
    "eyeColor": "blue",
    "age": 27,
    "picture": "http://placehold.it/32x32",
    "balance": "$3,383.40",
    "isActive": true,
    "guid": "5b1455eb-d0dc-4aa6-8c93-0a0f0b9083f1",
    "index": 24,
    "_id": "571064940e80b84ce620b115"
  },
  {
    "about": "Dolore amet minim culpa tempor amet aliquip proident cillum voluptate proident. Proident quis ea mollit commodo laboris fugiat sint. Id ea anim exercitation et Lorem consectetur tempor minim eiusmod. Laboris sunt ad cillum quis in qui fugiat exercitation cupidatat occaecat non mollit. Id mollit deserunt enim quis aliqua aute reprehenderit ex id magna excepteur. Amet voluptate in minim nostrud quis consectetur Lorem excepteur cupidatat anim exercitation.",
    "address": "420 Royce Street, Stouchsburg, California, 6290",
    "phone": "+1 (941) 467-3754",
    "email": "shaw.hickman@waterbaby.co.uk",
    "company": "WATERBABY",
    "name": {
      "last": "Hickman",
      "first": "Shaw"
    },
    "eyeColor": "brown",
    "age": 29,
    "picture": "http://placehold.it/32x32",
    "balance": "$2,982.68",
    "isActive": false,
    "guid": "2d3c573e-5da8-4483-885c-b3bc8375b2d7",
    "index": 25,
    "_id": "571064948a1b61241ea39de3"
  },
  {
    "about": "Lorem aute in minim consectetur ad commodo tempor ipsum et. Culpa amet aliquip consequat occaecat pariatur magna. Consectetur laboris amet do sint nulla proident veniam ut non ea deserunt cillum duis.",
    "address": "712 Thomas Street, Brecon, Wyoming, 8952",
    "phone": "+1 (807) 402-2907",
    "email": "randolph.potter@ecraze.ca",
    "company": "ECRAZE",
    "name": {
      "last": "Potter",
      "first": "Randolph"
    },
    "eyeColor": "blue",
    "age": 28,
    "picture": "http://placehold.it/32x32",
    "balance": "$1,282.93",
    "isActive": false,
    "guid": "21329763-4a8d-49db-94c8-394121d4c936",
    "index": 26,
    "_id": "57106494b1225905dc48c8c1"
  },
  {
    "about": "Ullamco aliqua enim nisi commodo non nulla sunt laboris minim. Magna dolore ut id ea nostrud dolore consectetur. Occaecat do irure nulla eiusmod anim elit nostrud.",
    "address": "330 Pierrepont Street, Urie, Rhode Island, 6604",
    "phone": "+1 (934) 551-3433",
    "email": "joyner.everett@pharmacon.io",
    "company": "PHARMACON",
    "name": {
      "last": "Everett",
      "first": "Joyner"
    },
    "eyeColor": "brown",
    "age": 35,
    "picture": "http://placehold.it/32x32",
    "balance": "$1,664.55",
    "isActive": false,
    "guid": "97887b48-5ecc-4c84-9b70-77c12bd57493",
    "index": 27,
    "_id": "57106494b16380f9f82334a2"
  },
  {
    "about": "Culpa ex qui laboris et est. Ea Lorem aliqua sit minim nulla deserunt esse cupidatat anim mollit. Enim ipsum non proident consequat aliqua ullamco reprehenderit mollit.",
    "address": "811 Woodbine Street, Shindler, Nevada, 5959",
    "phone": "+1 (950) 539-3891",
    "email": "haley.gardner@accusage.me",
    "company": "ACCUSAGE",
    "name": {
      "last": "Gardner",
      "first": "Haley"
    },
    "eyeColor": "green",
    "age": 25,
    "picture": "http://placehold.it/32x32",
    "balance": "$3,085.89",
    "isActive": false,
    "guid": "93bcaea7-454e-4d35-88aa-3f9954a3576a",
    "index": 28,
    "_id": "57106494b059ab470dbea7b4"
  },
  {
    "about": "Sit cupidatat in sit nulla velit. Ea irure anim eiusmod laborum ex nulla deserunt ea adipisicing esse. Excepteur excepteur ipsum eiusmod ipsum qui id do dolore deserunt aliquip ad consectetur quis. Dolore officia do do nulla enim ea ex sit velit ad Lorem laboris exercitation est.",
    "address": "321 Williams Place, Fairmount, Alabama, 8767",
    "phone": "+1 (842) 514-3513",
    "email": "foley.reilly@extragene.biz",
    "company": "EXTRAGENE",
    "name": {
      "last": "Reilly",
      "first": "Foley"
    },
    "eyeColor": "brown",
    "age": 23,
    "picture": "http://placehold.it/32x32",
    "balance": "$2,186.33",
    "isActive": true,
    "guid": "43c193bf-96ca-4437-acea-9769e23f35e9",
    "index": 29,
    "_id": "5710649404d15fcd4eac8446"
  },
  {
    "about": "Proident aliquip quis labore consequat elit dolore ea amet in id veniam adipisicing tempor. Dolor dolore quis cupidatat laboris ut sunt nostrud veniam. Aliquip ut nulla sit irure Lorem.",
    "address": "153 Buffalo Avenue, Genoa, Kansas, 1173",
    "phone": "+1 (955) 527-3315",
    "email": "mckinney.bowers@medalert.org",
    "company": "MEDALERT",
    "name": {
      "last": "Bowers",
      "first": "Mckinney"
    },
    "eyeColor": "blue",
    "age": 37,
    "picture": "http://placehold.it/32x32",
    "balance": "$3,327.30",
    "isActive": true,
    "guid": "96b7bf2a-e295-494f-b238-ceefe38d7f55",
    "index": 30,
    "_id": "57106494eb9fe8570615ce14"
  },
  {
    "about": "Ex culpa consequat ad consequat ipsum aute occaecat cillum cillum. Velit dolore laboris aute aliqua mollit elit excepteur fugiat excepteur. Laborum ea duis laboris ea elit proident officia nostrud est labore ea nulla non. Dolor do aute consequat minim velit eu veniam ullamco sit veniam mollit ut proident. Ipsum duis aliqua occaecat consequat officia nulla fugiat sint velit. Esse dolor irure officia officia ea quis incididunt minim fugiat. Nostrud pariatur ex tempor excepteur nostrud irure velit qui.",
    "address": "128 Highland Place, Springville, West Virginia, 8213",
    "phone": "+1 (905) 560-2654",
    "email": "bridgette.colon@paprikut.biz",
    "company": "PAPRIKUT",
    "name": {
      "last": "Colon",
      "first": "Bridgette"
    },
    "eyeColor": "brown",
    "age": 24,
    "picture": "http://placehold.it/32x32",
    "balance": "$3,694.67",
    "isActive": true,
    "guid": "40ce60d2-12a9-4342-8017-8c27499f3eb1",
    "index": 31,
    "_id": "5710649400c2463b2a1f46ca"
  },
  {
    "about": "Nulla non nisi duis et. Aute ea exercitation minim dolor cillum culpa laboris irure irure pariatur eu aute. Sint mollit ad ullamco adipisicing ad. Qui in tempor nisi ad aliqua ad consequat qui aute sint excepteur deserunt in. Excepteur duis laborum laborum cupidatat consequat nisi. Irure voluptate irure nulla sit excepteur officia laboris cupidatat adipisicing consequat.",
    "address": "465 Conway Street, Limestone, Missouri, 7579",
    "phone": "+1 (898) 556-3049",
    "email": "blackwell.levine@utara.tv",
    "company": "UTARA",
    "name": {
      "last": "Levine",
      "first": "Blackwell"
    },
    "eyeColor": "green",
    "age": 24,
    "picture": "http://placehold.it/32x32",
    "balance": "$1,270.46",
    "isActive": false,
    "guid": "f767e87c-fffe-4f11-8076-9bd091dbb1fe",
    "index": 32,
    "_id": "57106494caac489b694c302a"
  },
  {
    "about": "Cupidatat et Lorem ullamco nulla quis pariatur ad nisi. Reprehenderit ex duis occaecat ex sit excepteur commodo anim elit. Excepteur commodo eiusmod tempor nulla nulla sunt laborum exercitation minim dolore ea minim aute.",
    "address": "457 Crawford Avenue, Thermal, Oregon, 4738",
    "phone": "+1 (923) 455-2370",
    "email": "estelle.morrison@irack.us",
    "company": "IRACK",
    "name": {
      "last": "Morrison",
      "first": "Estelle"
    },
    "eyeColor": "brown",
    "age": 24,
    "picture": "http://placehold.it/32x32",
    "balance": "$1,661.80",
    "isActive": true,
    "guid": "2ab9c164-4339-449d-beba-24c324c2d5b7",
    "index": 33,
    "_id": "571064941da1504ed76ea43a"
  },
  {
    "about": "Cupidatat culpa aute sit quis mollit exercitation esse officia nostrud laborum commodo. Mollit reprehenderit magna voluptate ipsum tempor mollit dolore excepteur proident sunt laboris. Voluptate aliquip veniam esse ea nostrud adipisicing adipisicing anim consequat laboris ut aute duis. Dolor aliquip ex aliqua ex proident nostrud est ipsum.",
    "address": "627 Emerald Street, Rivereno, Nebraska, 2177",
    "phone": "+1 (887) 544-3750",
    "email": "winnie.hyde@olympix.info",
    "company": "OLYMPIX",
    "name": {
      "last": "Hyde",
      "first": "Winnie"
    },
    "eyeColor": "brown",
    "age": 26,
    "picture": "http://placehold.it/32x32",
    "balance": "$3,776.24",
    "isActive": true,
    "guid": "5d8c7c1e-3839-40b2-af31-9bd6ac25a066",
    "index": 34,
    "_id": "5710649410a182dbb4dccca3"
  },
  {
    "about": "Et irure eu adipisicing proident. Excepteur irure elit elit aliqua Lorem nostrud ut id amet labore velit eiusmod aliqua cillum. Reprehenderit proident minim tempor eiusmod reprehenderit eiusmod irure et exercitation. Officia qui fugiat ad nisi consectetur sunt fugiat minim enim in sit laboris occaecat cillum. Velit cupidatat adipisicing laboris labore fugiat duis tempor amet esse. Commodo ad eiusmod eiusmod amet. Ea irure mollit magna labore amet sit amet labore elit cillum sunt enim adipisicing voluptate.",
    "address": "186 Erasmus Street, Witmer, New Hampshire, 4915",
    "phone": "+1 (811) 506-2254",
    "email": "marks.wooten@electonic.com",
    "company": "ELECTONIC",
    "name": {
      "last": "Wooten",
      "first": "Marks"
    },
    "eyeColor": "brown",
    "age": 20,
    "picture": "http://placehold.it/32x32",
    "balance": "$1,323.42",
    "isActive": true,
    "guid": "e9fb3360-fa96-47ce-bfeb-86576c28a67f",
    "index": 35,
    "_id": "57106494b00b8d45f6594329"
  },
  {
    "about": "Qui dolor cillum proident Lorem fugiat. Ex fugiat aliquip minim reprehenderit enim. Tempor sint id et velit occaecat consequat est officia aliqua aliquip. Reprehenderit in dolor deserunt Lorem et irure aliqua voluptate reprehenderit ad occaecat anim. Aliquip excepteur ex incididunt magna. Cupidatat deserunt amet ipsum commodo Lorem ea dolore proident id sint quis et. Sunt minim consequat duis sit enim sit magna cillum ea veniam ex.",
    "address": "261 Beadel Street, Rockhill, Alaska, 9199",
    "phone": "+1 (988) 569-2009",
    "email": "reba.beach@boilicon.name",
    "company": "BOILICON",
    "name": {
      "last": "Beach",
      "first": "Reba"
    },
    "eyeColor": "green",
    "age": 37,
    "picture": "http://placehold.it/32x32",
    "balance": "$2,248.40",
    "isActive": false,
    "guid": "6af3ef03-bd89-4dca-ba40-b7dd549f0a91",
    "index": 36,
    "_id": "571064949650eb3a273c63d5"
  },
  {
    "about": "Anim irure dolor aliqua pariatur. Cillum aliquip cillum incididunt enim. Aute ipsum eu nostrud occaecat. Nisi nisi dolore eiusmod esse.",
    "address": "865 Cobek Court, Silkworth, Wisconsin, 1841",
    "phone": "+1 (867) 513-3559",
    "email": "faulkner.maldonado@isosure.co.uk",
    "company": "ISOSURE",
    "name": {
      "last": "Maldonado",
      "first": "Faulkner"
    },
    "eyeColor": "blue",
    "age": 32,
    "picture": "http://placehold.it/32x32",
    "balance": "$1,814.15",
    "isActive": false,
    "guid": "701e6008-2403-4008-9aa5-be184b814ac4",
    "index": 37,
    "_id": "57106494ca21eba492b47374"
  },
  {
    "about": "Pariatur aliqua anim eu ad fugiat qui ullamco magna ut nulla ad ad. Eu magna eiusmod elit duis velit magna non non amet nisi do culpa ad. Laborum do consectetur minim magna commodo est eiusmod qui eu id enim velit. Do consequat cillum ad sint elit. Sunt cupidatat sunt anim magna irure cupidatat consequat est. Ea est cillum culpa voluptate ullamco aute.",
    "address": "468 Paerdegat Avenue, Trexlertown, Oklahoma, 7296",
    "phone": "+1 (890) 528-2644",
    "email": "jana.valentine@sequitur.ca",
    "company": "SEQUITUR",
    "name": {
      "last": "Valentine",
      "first": "Jana"
    },
    "eyeColor": "green",
    "age": 20,
    "picture": "http://placehold.it/32x32",
    "balance": "$3,424.80",
    "isActive": true,
    "guid": "3d34bbdc-44d8-4041-b6ee-44a64ee95626",
    "index": 38,
    "_id": "57106494018e6bf1492239c2"
  },
  {
    "about": "Aliqua reprehenderit Lorem sunt non aliquip nulla irure deserunt officia eu laborum. Commodo culpa sunt aliqua mollit magna proident labore. Do anim nulla aliqua cupidatat. Eu do nostrud nisi veniam eu cupidatat minim amet dolore.",
    "address": "250 President Street, Neahkahnie, Michigan, 574",
    "phone": "+1 (848) 401-2609",
    "email": "cohen.sellers@limage.io",
    "company": "LIMAGE",
    "name": {
      "last": "Sellers",
      "first": "Cohen"
    },
    "eyeColor": "green",
    "age": 40,
    "picture": "http://placehold.it/32x32",
    "balance": "$2,565.61",
    "isActive": true,
    "guid": "86fbb74c-6465-403f-933c-2504cbfbf79b",
    "index": 39,
    "_id": "57106494f9cdd6238366c026"
  },
  {
    "about": "Velit fugiat voluptate do magna dolore cillum aliqua. Dolor consequat eiusmod ullamco elit cillum ex tempor magna et est deserunt irure. Officia irure magna eu in eu officia ad officia non eiusmod. Quis cupidatat cupidatat irure ea enim anim proident quis amet laborum id et dolore. Pariatur qui fugiat cillum do esse esse labore. Amet in mollit laborum exercitation irure incididunt anim labore qui adipisicing Lorem. Occaecat laborum irure pariatur sint.",
    "address": "418 Catherine Street, Woodlake, Connecticut, 2523",
    "phone": "+1 (873) 589-2066",
    "email": "newton.hopkins@isopop.me",
    "company": "ISOPOP",
    "name": {
      "last": "Hopkins",
      "first": "Newton"
    },
    "eyeColor": "blue",
    "age": 39,
    "picture": "http://placehold.it/32x32",
    "balance": "$1,627.98",
    "isActive": true,
    "guid": "2a90dbd9-0476-4093-acf3-62e32c2fc6e1",
    "index": 40,
    "_id": "5710649444c2ddda338df215"
  },
  {
    "about": "Cupidatat et amet aliquip dolore non labore in. Consectetur quis consequat veniam est amet ad cupidatat. Laboris dolore mollit irure dolor minim proident adipisicing. Tempor laborum amet elit occaecat nulla laboris qui. Lorem voluptate aliquip veniam consectetur magna id laborum minim dolore cupidatat aliqua id elit fugiat.",
    "address": "576 Moffat Street, Noblestown, North Dakota, 8589",
    "phone": "+1 (890) 595-2199",
    "email": "edna.mathews@applideck.biz",
    "company": "APPLIDECK",
    "name": {
      "last": "Mathews",
      "first": "Edna"
    },
    "eyeColor": "blue",
    "age": 38,
    "picture": "http://placehold.it/32x32",
    "balance": "$1,496.70",
    "isActive": true,
    "guid": "e136f550-e844-439e-91d7-2c3eedee130d",
    "index": 41,
    "_id": "571064944ac2dcf58049341d"
  },
  {
    "about": "Incididunt officia nisi reprehenderit adipisicing ut voluptate do enim in magna. Do minim elit non eiusmod eiusmod sint excepteur culpa. Eiusmod ullamco magna et eu.",
    "address": "142 Florence Avenue, Itmann, Idaho, 7515",
    "phone": "+1 (847) 579-2776",
    "email": "washington.bishop@isologia.org",
    "company": "ISOLOGIA",
    "name": {
      "last": "Bishop",
      "first": "Washington"
    },
    "eyeColor": "brown",
    "age": 24,
    "picture": "http://placehold.it/32x32",
    "balance": "$2,924.82",
    "isActive": true,
    "guid": "4485f219-fcc1-4ad3-aa16-7de017aff503",
    "index": 42,
    "_id": "57106494052ac80dcbbd1901"
  },
  {
    "about": "Aliquip adipisicing ipsum cupidatat velit cillum. Eiusmod esse sunt proident ad reprehenderit ipsum ipsum dolor esse elit occaecat elit. Aliqua cillum quis elit ex irure Lorem sunt duis pariatur aute excepteur elit deserunt. Consectetur adipisicing laborum qui id officia.",
    "address": "439 Throop Avenue, Welch, Hawaii, 9353",
    "phone": "+1 (801) 498-2091",
    "email": "yates.vincent@emergent.biz",
    "company": "EMERGENT",
    "name": {
      "last": "Vincent",
      "first": "Yates"
    },
    "eyeColor": "green",
    "age": 23,
    "picture": "http://placehold.it/32x32",
    "balance": "$3,765.54",
    "isActive": false,
    "guid": "ec8077ae-60f5-4e5b-9a7f-0fd283e0c348",
    "index": 43,
    "_id": "57106494a7bf449f7c1acb45"
  },
  {
    "about": "Occaecat eiusmod consectetur laborum duis Lorem nisi consectetur quis ex pariatur et consequat pariatur. Ad enim elit excepteur enim laboris. Esse veniam esse fugiat consequat ullamco magna irure consectetur elit enim.",
    "address": "301 Carroll Street, Chase, American Samoa, 3914",
    "phone": "+1 (869) 578-3512",
    "email": "christensen.house@beadzza.tv",
    "company": "BEADZZA",
    "name": {
      "last": "House",
      "first": "Christensen"
    },
    "eyeColor": "blue",
    "age": 39,
    "picture": "http://placehold.it/32x32",
    "balance": "$1,047.74",
    "isActive": true,
    "guid": "1a689680-222b-4a6f-a2bf-35a185ba250d",
    "index": 44,
    "_id": "5710649433298238d265171b"
  },
  {
    "about": "Nostrud velit anim culpa consectetur labore et ullamco sint eu qui consectetur proident non cillum. Aliqua veniam commodo nisi tempor ipsum minim magna et proident cupidatat. Exercitation cillum pariatur laboris voluptate esse.",
    "address": "609 Arion Place, Crown, District Of Columbia, 5051",
    "phone": "+1 (914) 468-3037",
    "email": "melissa.ochoa@enaut.us",
    "company": "ENAUT",
    "name": {
      "last": "Ochoa",
      "first": "Melissa"
    },
    "eyeColor": "green",
    "age": 21,
    "picture": "http://placehold.it/32x32",
    "balance": "$2,457.72",
    "isActive": false,
    "guid": "befa8e24-e114-4e42-a15c-0a84081024d2",
    "index": 45,
    "_id": "57106494ec625659170b2f27"
  },
  {
    "about": "Sunt pariatur irure reprehenderit excepteur minim irure voluptate. Dolor amet aliqua sunt non pariatur. Sit proident culpa anim incididunt incididunt in eiusmod minim exercitation nostrud. Consequat laboris minim pariatur aute reprehenderit ullamco incididunt esse velit velit reprehenderit. Ipsum irure laborum culpa cupidatat. Ullamco aliquip ex excepteur deserunt ut enim in aute minim officia mollit enim voluptate consectetur.",
    "address": "158 Fulton Street, Golconda, Kentucky, 1117",
    "phone": "+1 (983) 570-2073",
    "email": "webster.serrano@qiao.info",
    "company": "QIAO",
    "name": {
      "last": "Serrano",
      "first": "Webster"
    },
    "eyeColor": "brown",
    "age": 22,
    "picture": "http://placehold.it/32x32",
    "balance": "$2,849.83",
    "isActive": false,
    "guid": "ce8a2624-3401-4a99-aa42-4c24bcbf5960",
    "index": 46,
    "_id": "57106494ec6c3b24e18d1029"
  },
  {
    "about": "Consectetur dolore nulla consequat cupidatat elit occaecat culpa irure qui sit. Irure aliqua ullamco cupidatat consectetur cillum enim occaecat eiusmod commodo ad id aliquip dolore est. Anim minim magna excepteur occaecat. Ut Lorem duis aliquip consectetur culpa pariatur. Pariatur do dolore do nisi eu est ea laboris velit cupidatat est occaecat. Veniam eiusmod incididunt adipisicing esse tempor ea officia duis eiusmod proident amet nulla proident.",
    "address": "781 Division Avenue, Tyro, Virginia, 6885",
    "phone": "+1 (836) 531-3770",
    "email": "mae.gentry@cytrek.com",
    "company": "CYTREK",
    "name": {
      "last": "Gentry",
      "first": "Mae"
    },
    "eyeColor": "blue",
    "age": 37,
    "picture": "http://placehold.it/32x32",
    "balance": "$2,893.68",
    "isActive": true,
    "guid": "fce4d42f-06df-4b52-a4a3-242abfada559",
    "index": 47,
    "_id": "571064943aacc64d114ab346"
  },
  {
    "about": "Labore pariatur magna pariatur quis minim cillum exercitation ad. Deserunt Lorem nulla et in enim duis ad. Eu irure aliqua proident esse aliqua minim deserunt velit anim. Enim cupidatat deserunt enim consectetur irure deserunt. Esse consequat aute veniam veniam aliqua laborum elit sunt do.",
    "address": "783 Rugby Road, Nicholson, Tennessee, 1869",
    "phone": "+1 (878) 419-2573",
    "email": "yolanda.dawson@sybixtex.name",
    "company": "SYBIXTEX",
    "name": {
      "last": "Dawson",
      "first": "Yolanda"
    },
    "eyeColor": "blue",
    "age": 34,
    "picture": "http://placehold.it/32x32",
    "balance": "$1,757.96",
    "isActive": false,
    "guid": "10a9c154-4eca-42b3-9106-f94dc1a53682",
    "index": 48,
    "_id": "57106494e7d5f79f2a1420c3"
  },
  {
    "about": "Do amet nisi anim voluptate magna. Quis sit sunt ea amet eiusmod ea deserunt do occaecat ex proident. Commodo ut non proident tempor labore nulla consectetur laboris enim sint enim. Et deserunt anim laborum amet occaecat reprehenderit amet amet cupidatat ad et consectetur amet. Tempor eu dolore sunt veniam ad veniam in. Dolore anim ea mollit duis.",
    "address": "783 Schenectady Avenue, Hatteras, Illinois, 6917",
    "phone": "+1 (911) 460-2404",
    "email": "walton.allison@softmicro.co.uk",
    "company": "SOFTMICRO",
    "name": {
      "last": "Allison",
      "first": "Walton"
    },
    "eyeColor": "brown",
    "age": 39,
    "picture": "http://placehold.it/32x32",
    "balance": "$3,261.96",
    "isActive": false,
    "guid": "63c81edd-0c48-438d-9010-0b33de9fcc5b",
    "index": 49,
    "_id": "571064945ea80fcf0696d5f1"
  }
]